Repository,Date,Stars
joshmoody24/sitcom-simulator,Thu Sep 15 2022 15:09:11 GMT-0600,1
joshmoody24/sitcom-simulator,Sun Nov 06 2022 16:25:45 GMT-0700,5
joshmoody24/sitcom-simulator,Thu Nov 10 2022 18:37:25 GMT-0700,9
joshmoody24/sitcom-simulator,Fri Dec 16 2022 03:30:22 GMT-0700,13
joshmoody24/sitcom-simulator,Tue Jan 10 2023 13:43:14 GMT-0700,17
joshmoody24/sitcom-simulator,Sat Apr 22 2023 10:15:02 GMT-0600,21
joshmoody24/sitcom-simulator,Sun Jul 16 2023 22:42:17 GMT-0600,25
joshmoody24/sitcom-simulator,Mon Oct 09 2023 12:42:08 GMT-0600,29
joshmoody24/sitcom-simulator,Thu Dec 14 2023 10:23:51 GMT-0700,33
joshmoody24/sitcom-simulator,Mon Feb 19 2024 23:34:22 GMT-0700,37
joshmoody24/sitcom-simulator,Tue Mar 05 2024 01:46:03 GMT-0700,41
joshmoody24/sitcom-simulator,Tue Mar 05 2024 09:32:59 GMT-0700,45
joshmoody24/sitcom-simulator,Tue Mar 05 2024 10:19:14 GMT-0700,49
joshmoody24/sitcom-simulator,Tue Mar 05 2024 18:40:34 GMT-0700,53
joshmoody24/sitcom-simulator,Tue Mar 05 2024 23:46:35 GMT-0700,57
joshmoody24/sitcom-simulator,Wed Mar 06 2024 03:04:19 GMT-0700,61
joshmoody24/sitcom-simulator,Sat Mar 09 2024 05:48:19 GMT-0700,65
joshmoody24/sitcom-simulator,Tue Mar 12 2024 10:15:14 GMT-0600,69
joshmoody24/sitcom-simulator,Thu Mar 28 2024 14:24:56 GMT-0600,72
nodejs/nodejs.org,Fri Jun 19 2015 07:43:47 GMT-0600,0
nodejs/nodejs.org,Mon Jan 15 2018 07:07:43 GMT-0700,570
nodejs/nodejs.org,Sun Feb 24 2019 22:53:54 GMT-0700,900
nodejs/nodejs.org,Mon Sep 23 2019 18:24:47 GMT-0600,1200
nodejs/nodejs.org,Wed Dec 09 2020 13:03:49 GMT-0700,1530
nodejs/nodejs.org,Tue Jan 04 2022 10:06:02 GMT-0700,1860
nodejs/nodejs.org,Wed Aug 31 2022 11:31:36 GMT-0600,2160
nodejs/nodejs.org,Sat Mar 11 2023 02:31:54 GMT-0700,2490
nodejs/nodejs.org,Wed Aug 16 2023 18:19:39 GMT-0600,2790
nodejs/nodejs.org,Tue Oct 31 2023 13:26:31 GMT-0600,3120
nodejs/nodejs.org,Mon Mar 04 2024 18:02:51 GMT-0700,3450
nodejs/nodejs.org,Sat Mar 23 2024 05:05:19 GMT-0600,3750
nodejs/nodejs.org,Sun Mar 24 2024 14:50:26 GMT-0600,4080
nodejs/nodejs.org,Mon Mar 25 2024 19:53:08 GMT-0600,4380
nodejs/nodejs.org,Wed Mar 27 2024 19:19:16 GMT-0600,4710
nodejs/nodejs.org,Thu Mar 28 2024 14:26:47 GMT-0600,4762
spacejam/sled,Wed Nov 02 2016 06:12:08 GMT-0600,0
spacejam/sled,Mon May 28 2018 20:45:12 GMT-0600,960
spacejam/sled,Mon Nov 12 2018 19:09:47 GMT-0700,1470
spacejam/sled,Sun Jul 28 2019 15:45:05 GMT-0600,2010
spacejam/sled,Tue Feb 11 2020 23:55:20 GMT-0700,2520
spacejam/sled,Wed Mar 25 2020 13:40:33 GMT-0600,3030
spacejam/sled,Sun Aug 02 2020 10:40:08 GMT-0600,3540
spacejam/sled,Wed Dec 23 2020 05:25:25 GMT-0700,4050
spacejam/sled,Tue May 18 2021 13:43:44 GMT-0600,4560
spacejam/sled,Tue Oct 12 2021 07:44:11 GMT-0600,5070
spacejam/sled,Fri Mar 25 2022 17:13:21 GMT-0600,5580
spacejam/sled,Wed Sep 21 2022 08:24:18 GMT-0600,6120
spacejam/sled,Sun Feb 19 2023 19:57:17 GMT-0700,6630
spacejam/sled,Fri Aug 18 2023 12:08:30 GMT-0600,7140
spacejam/sled,Tue Mar 12 2024 02:15:50 GMT-0600,7650
spacejam/sled,Thu Mar 28 2024 14:26:55 GMT-0600,7693
Auto1111SDK/Auto1111SDK,Sun Jan 28 2024 21:53:45 GMT-0700,1
Auto1111SDK/Auto1111SDK,Tue Jan 30 2024 16:43:15 GMT-0700,23
Auto1111SDK/Auto1111SDK,Tue Jan 30 2024 21:08:27 GMT-0700,45
Auto1111SDK/Auto1111SDK,Wed Jan 31 2024 00:05:49 GMT-0700,67
Auto1111SDK/Auto1111SDK,Wed Jan 31 2024 01:41:33 GMT-0700,89
Auto1111SDK/Auto1111SDK,Wed Jan 31 2024 03:14:00 GMT-0700,111
Auto1111SDK/Auto1111SDK,Wed Jan 31 2024 05:22:11 GMT-0700,133
Auto1111SDK/Auto1111SDK,Wed Jan 31 2024 09:09:56 GMT-0700,155
Auto1111SDK/Auto1111SDK,Wed Jan 31 2024 14:39:16 GMT-0700,177
Auto1111SDK/Auto1111SDK,Thu Feb 01 2024 01:17:24 GMT-0700,199
Auto1111SDK/Auto1111SDK,Sat Feb 03 2024 20:04:08 GMT-0700,221
Auto1111SDK/Auto1111SDK,Sun Feb 04 2024 21:20:46 GMT-0700,243
Auto1111SDK/Auto1111SDK,Tue Feb 06 2024 21:59:50 GMT-0700,265
Auto1111SDK/Auto1111SDK,Thu Feb 15 2024 01:39:49 GMT-0700,287
Auto1111SDK/Auto1111SDK,Mon Feb 26 2024 02:05:13 GMT-0700,309
Auto1111SDK/Auto1111SDK,Sat Mar 23 2024 09:07:29 GMT-0600,331
Auto1111SDK/Auto1111SDK,Thu Mar 28 2024 14:28:18 GMT-0600,340
stitionai/devika,Wed Mar 20 2024 22:45:24 GMT-0600,0
stitionai/devika,Fri Mar 22 2024 17:47:06 GMT-0600,1560
stitionai/devika,Sat Mar 23 2024 10:46:54 GMT-0600,2370
stitionai/devika,Sat Mar 23 2024 21:11:27 GMT-0600,3180
stitionai/devika,Sun Mar 24 2024 07:40:16 GMT-0600,3990
stitionai/devika,Sun Mar 24 2024 17:20:13 GMT-0600,4800
stitionai/devika,Mon Mar 25 2024 01:22:00 GMT-0600,5610
stitionai/devika,Mon Mar 25 2024 07:36:52 GMT-0600,6390
stitionai/devika,Mon Mar 25 2024 15:14:25 GMT-0600,7200
stitionai/devika,Tue Mar 26 2024 00:44:04 GMT-0600,8010
stitionai/devika,Tue Mar 26 2024 08:18:45 GMT-0600,8820
stitionai/devika,Tue Mar 26 2024 19:47:41 GMT-0600,9630
stitionai/devika,Wed Mar 27 2024 05:55:37 GMT-0600,10440
stitionai/devika,Wed Mar 27 2024 15:58:45 GMT-0600,11250
stitionai/devika,Thu Mar 28 2024 11:37:26 GMT-0600,12060
stitionai/devika,Thu Mar 28 2024 14:28:19 GMT-0600,12117
zzzprojects/System.Linq.Dynamic.Core,Thu Apr 21 2016 00:35:44 GMT-0600,0
zzzprojects/System.Linq.Dynamic.Core,Wed Jan 31 2018 03:50:05 GMT-0700,150
zzzprojects/System.Linq.Dynamic.Core,Tue Jul 03 2018 12:57:48 GMT-0600,240
zzzprojects/System.Linq.Dynamic.Core,Sat Dec 08 2018 06:20:30 GMT-0700,330
zzzprojects/System.Linq.Dynamic.Core,Thu Jun 20 2019 08:01:29 GMT-0600,450
zzzprojects/System.Linq.Dynamic.Core,Tue Nov 19 2019 23:26:07 GMT-0700,540
zzzprojects/System.Linq.Dynamic.Core,Wed Apr 01 2020 18:55:34 GMT-0600,630
zzzprojects/System.Linq.Dynamic.Core,Fri Nov 27 2020 20:02:50 GMT-0700,750
zzzprojects/System.Linq.Dynamic.Core,Sun Apr 04 2021 13:19:14 GMT-0600,840
zzzprojects/System.Linq.Dynamic.Core,Wed Aug 25 2021 10:04:39 GMT-0600,930
zzzprojects/System.Linq.Dynamic.Core,Sat Feb 19 2022 01:29:19 GMT-0700,1050
zzzprojects/System.Linq.Dynamic.Core,Fri Jul 15 2022 12:07:38 GMT-0600,1140
zzzprojects/System.Linq.Dynamic.Core,Sun Dec 04 2022 02:17:19 GMT-0700,1230
zzzprojects/System.Linq.Dynamic.Core,Wed Jun 28 2023 03:36:47 GMT-0600,1350
zzzprojects/System.Linq.Dynamic.Core,Tue Dec 19 2023 23:44:31 GMT-0700,1440
zzzprojects/System.Linq.Dynamic.Core,Thu Mar 28 2024 14:28:31 GMT-0600,1489
elnormous/HTTPRequest,Thu Jun 08 2017 02:46:22 GMT-0600,0
elnormous/HTTPRequest,Mon Jun 17 2019 08:20:41 GMT-0600,60
elnormous/HTTPRequest,Sun Oct 27 2019 05:15:17 GMT-0600,120
elnormous/HTTPRequest,Thu May 14 2020 09:05:37 GMT-0600,180
elnormous/HTTPRequest,Tue Sep 22 2020 18:42:30 GMT-0600,240
elnormous/HTTPRequest,Fri Jan 29 2021 16:20:32 GMT-0700,300
elnormous/HTTPRequest,Sun May 16 2021 14:45:00 GMT-0600,360
elnormous/HTTPRequest,Sun Oct 24 2021 11:08:48 GMT-0600,450
elnormous/HTTPRequest,Sun Feb 20 2022 04:42:38 GMT-0700,510
elnormous/HTTPRequest,Sun May 29 2022 20:49:16 GMT-0600,570
elnormous/HTTPRequest,Mon Sep 12 2022 00:45:36 GMT-0600,630
elnormous/HTTPRequest,Wed Dec 28 2022 07:22:35 GMT-0700,690
elnormous/HTTPRequest,Mon Mar 27 2023 14:54:58 GMT-0600,750
elnormous/HTTPRequest,Thu Aug 10 2023 21:17:45 GMT-0600,810
elnormous/HTTPRequest,Wed Jan 03 2024 06:03:01 GMT-0700,870
elnormous/HTTPRequest,Thu Mar 28 2024 14:28:40 GMT-0600,903
pallets/flask,Tue Apr 06 2010 05:11:59 GMT-0600,0
pallets/flask,Sun Jun 16 2013 02:16:45 GMT-0600,5280
pallets/flask,Mon Apr 21 2014 08:55:47 GMT-0600,7950
pallets/flask,Sun Jan 18 2015 19:48:10 GMT-0700,10620
pallets/flask,Sat Aug 08 2015 13:46:54 GMT-0600,13290
pallets/flask,Fri Jan 29 2016 01:34:11 GMT-0700,15960
pallets/flask,Wed Jun 22 2016 02:18:44 GMT-0600,18630
pallets/flask,Fri Dec 02 2016 18:05:50 GMT-0700,21270
pallets/flask,Mon Apr 24 2017 21:26:58 GMT-0600,23940
pallets/flask,Tue Sep 05 2017 07:19:06 GMT-0600,26610
pallets/flask,Thu Jan 11 2018 04:59:53 GMT-0700,29280
pallets/flask,Wed Apr 25 2018 06:17:09 GMT-0600,31950
pallets/flask,Wed Aug 01 2018 11:51:21 GMT-0600,34620
pallets/flask,Fri Nov 30 2018 18:14:23 GMT-0700,37290
pallets/flask,Sun Mar 31 2019 20:00:54 GMT-0600,39960
pallets/flask,Thu Mar 28 2024 14:28:47 GMT-0600,66114
facebook/react,Wed May 29 2013 14:59:49 GMT-0600,0
facebook/react,Wed May 07 2014 21:07:20 GMT-0600,5280
facebook/react,Tue Sep 23 2014 19:36:06 GMT-0600,7950
facebook/react,Thu Dec 18 2014 07:11:02 GMT-0700,10620
facebook/react,Thu Feb 05 2015 23:53:25 GMT-0700,13290
facebook/react,Sat Mar 21 2015 22:40:36 GMT-0600,15960
facebook/react,Mon May 04 2015 15:17:33 GMT-0600,18630
facebook/react,Sat Jul 04 2015 12:12:28 GMT-0600,21270
facebook/react,Mon Sep 07 2015 11:13:07 GMT-0600,23940
facebook/react,Thu Oct 29 2015 08:44:22 GMT-0600,26610
facebook/react,Mon Dec 21 2015 01:54:41 GMT-0700,29280
facebook/react,Tue Feb 16 2016 01:45:02 GMT-0700,31950
facebook/react,Wed Mar 30 2016 03:41:33 GMT-0600,34620
facebook/react,Wed May 18 2016 17:51:15 GMT-0600,37290
facebook/react,Mon Jul 11 2016 07:30:57 GMT-0600,39960
facebook/react,Thu Mar 28 2024 14:28:52 GMT-0600,220697
hotwired/turbo,Tue Dec 22 2020 09:29:44 GMT-0700,0
hotwired/turbo,Thu Dec 24 2020 20:52:52 GMT-0700,780
hotwired/turbo,Wed Dec 30 2020 10:07:39 GMT-0700,1230
hotwired/turbo,Thu Jan 28 2021 14:24:24 GMT-0700,1650
hotwired/turbo,Wed Mar 24 2021 04:31:35 GMT-0600,2070
hotwired/turbo,Fri Jun 18 2021 11:50:39 GMT-0600,2490
hotwired/turbo,Mon Sep 27 2021 10:11:14 GMT-0600,2910
hotwired/turbo,Tue Feb 22 2022 11:50:15 GMT-0700,3360
hotwired/turbo,Wed Jul 20 2022 07:14:33 GMT-0600,3780
hotwired/turbo,Thu Oct 13 2022 08:51:59 GMT-0600,4200
hotwired/turbo,Wed Mar 01 2023 10:37:15 GMT-0700,4620
hotwired/turbo,Fri Jun 23 2023 19:43:56 GMT-0600,5040
hotwired/turbo,Fri Sep 08 2023 09:36:49 GMT-0600,5490
hotwired/turbo,Fri Nov 10 2023 08:03:38 GMT-0700,5910
hotwired/turbo,Mon Mar 11 2024 20:34:41 GMT-0600,6330
hotwired/turbo,Thu Mar 28 2024 14:28:57 GMT-0600,6366
rails/rails,Thu Apr 10 2008 20:19:47 GMT-0600,0
rails/rails,Sun Sep 13 2009 19:57:35 GMT-0600,5280
rails/rails,Mon Aug 23 2010 08:06:51 GMT-0600,7950
rails/rails,Wed Jun 01 2011 08:48:05 GMT-0600,10620
rails/rails,Mon Apr 30 2012 04:44:55 GMT-0600,13290
rails/rails,Thu Aug 08 2013 08:54:13 GMT-0600,15960
rails/rails,Wed May 28 2014 03:07:17 GMT-0600,18630
rails/rails,Thu Jan 22 2015 12:38:12 GMT-0700,21270
rails/rails,Sat Aug 22 2015 14:22:18 GMT-0600,23940
rails/rails,Fri Mar 11 2016 11:29:06 GMT-0700,26610
rails/rails,Sun Sep 18 2016 01:19:20 GMT-0600,29280
rails/rails,Sun Apr 23 2017 20:29:24 GMT-0600,31950
rails/rails,Wed Dec 06 2017 06:44:53 GMT-0700,34620
rails/rails,Mon Jul 23 2018 08:16:23 GMT-0600,37290
rails/rails,Fri Mar 29 2019 08:42:08 GMT-0600,39960
rails/rails,Thu Mar 28 2024 14:29:06 GMT-0600,54769
vuejs/core,Fri Sep 21 2018 19:23:46 GMT-0600,0
vuejs/core,Sun Oct 13 2019 19:45:19 GMT-0600,5280
vuejs/core,Wed Jan 08 2020 22:17:04 GMT-0700,7950
vuejs/core,Wed Apr 22 2020 02:30:23 GMT-0600,10620
vuejs/core,Tue Jul 21 2020 02:17:51 GMT-0600,13290
vuejs/core,Mon Sep 21 2020 11:10:59 GMT-0600,15960
vuejs/core,Sun Dec 27 2020 19:54:19 GMT-0700,18630
vuejs/core,Wed May 19 2021 07:51:54 GMT-0600,21270
vuejs/core,Thu Oct 07 2021 08:27:23 GMT-0600,23940
vuejs/core,Tue Feb 22 2022 11:14:13 GMT-0700,26610
vuejs/core,Thu Jun 02 2022 11:04:05 GMT-0600,29280
vuejs/core,Sun Oct 02 2022 10:02:10 GMT-0600,31950
vuejs/core,Sat Feb 18 2023 12:05:01 GMT-0700,34620
vuejs/core,Thu Jun 01 2023 05:17:33 GMT-0600,37290
vuejs/core,Mon Sep 25 2023 10:17:59 GMT-0600,39960
vuejs/core,Thu Mar 28 2024 14:29:08 GMT-0600,44094
Zulko/moviepy,Sun Aug 25 2013 13:39:27 GMT-0600,0
Zulko/moviepy,Thu Jul 09 2015 22:03:29 GMT-0600,1500
Zulko/moviepy,Mon Jan 30 2017 23:15:05 GMT-0700,2280
Zulko/moviepy,Sat Feb 03 2018 06:00:02 GMT-0700,3060
Zulko/moviepy,Sun Feb 04 2018 16:24:00 GMT-0700,3840
Zulko/moviepy,Wed May 09 2018 22:14:27 GMT-0600,4620
Zulko/moviepy,Mon May 13 2019 14:52:11 GMT-0600,5400
Zulko/moviepy,Fri Apr 10 2020 02:26:47 GMT-0600,6150
Zulko/moviepy,Sun Dec 27 2020 08:34:49 GMT-0700,6930
Zulko/moviepy,Wed Jul 21 2021 22:21:20 GMT-0600,7710
Zulko/moviepy,Sat Nov 06 2021 03:00:27 GMT-0600,8490
Zulko/moviepy,Tue Jul 19 2022 03:54:49 GMT-0600,9270
Zulko/moviepy,Fri Mar 03 2023 10:32:13 GMT-0700,10050
Zulko/moviepy,Fri Sep 15 2023 03:44:32 GMT-0600,10830
Zulko/moviepy,Tue Mar 19 2024 23:46:51 GMT-0600,11610
Zulko/moviepy,Thu Mar 28 2024 14:29:13 GMT-0600,11655
withastro/astro,Fri Apr 09 2021 18:23:35 GMT-0600,0
withastro/astro,Mon Jul 26 2021 11:35:04 GMT-0600,5280
withastro/astro,Sat Dec 04 2021 14:00:10 GMT-0700,7950
withastro/astro,Sun Apr 10 2022 09:01:31 GMT-0600,10620
withastro/astro,Wed Aug 10 2022 00:44:37 GMT-0600,13290
withastro/astro,Thu Aug 18 2022 21:09:19 GMT-0600,15960
withastro/astro,Mon Sep 12 2022 09:35:31 GMT-0600,18630
withastro/astro,Tue Nov 08 2022 19:54:19 GMT-0700,21270
withastro/astro,Tue Jan 17 2023 23:47:01 GMT-0700,23940
withastro/astro,Thu Feb 23 2023 15:35:51 GMT-0700,26610
withastro/astro,Mon May 08 2023 01:00:27 GMT-0600,29280
withastro/astro,Sun Aug 13 2023 13:27:32 GMT-0600,31950
withastro/astro,Sat Sep 23 2023 07:52:53 GMT-0600,34620
withastro/astro,Mon Dec 11 2023 23:29:58 GMT-0700,37290
withastro/astro,Sat Feb 24 2024 06:02:07 GMT-0700,39960
withastro/astro,Thu Mar 28 2024 14:29:18 GMT-0600,41644
bigskysoftware/htmx,Fri May 01 2020 14:20:57 GMT-0600,0
bigskysoftware/htmx,Sat Sep 04 2021 21:20:51 GMT-0600,4170
bigskysoftware/htmx,Sun May 01 2022 18:42:22 GMT-0600,6270
bigskysoftware/htmx,Wed Oct 19 2022 11:11:26 GMT-0600,8400
bigskysoftware/htmx,Thu Feb 23 2023 08:59:02 GMT-0700,10500
bigskysoftware/htmx,Fri Jun 16 2023 08:02:05 GMT-0600,12600
bigskysoftware/htmx,Thu Jul 13 2023 01:28:24 GMT-0600,14730
bigskysoftware/htmx,Thu Aug 10 2023 00:08:03 GMT-0600,16830
bigskysoftware/htmx,Tue Aug 29 2023 13:52:49 GMT-0600,18960
bigskysoftware/htmx,Tue Sep 26 2023 10:13:08 GMT-0600,21060
bigskysoftware/htmx,Tue Nov 14 2023 09:18:52 GMT-0700,23160
bigskysoftware/htmx,Wed Dec 27 2023 05:05:54 GMT-0700,25290
bigskysoftware/htmx,Thu Jan 18 2024 10:17:55 GMT-0700,27390
bigskysoftware/htmx,Mon Feb 12 2024 07:05:26 GMT-0700,29520
bigskysoftware/htmx,Wed Mar 27 2024 18:54:36 GMT-0600,31620
bigskysoftware/htmx,Thu Mar 28 2024 14:29:24 GMT-0600,31673
phoenixframework/phoenix,Mon Jan 20 2014 07:47:21 GMT-0700,0
phoenixframework/phoenix,Sat Jul 04 2015 15:40:51 GMT-0600,2670
phoenixframework/phoenix,Sun Nov 08 2015 23:10:50 GMT-0700,4050
phoenixframework/phoenix,Sat Apr 09 2016 11:17:05 GMT-0600,5400
phoenixframework/phoenix,Tue Sep 06 2016 05:44:24 GMT-0600,6780
phoenixframework/phoenix,Thu Mar 02 2017 09:58:55 GMT-0700,8160
phoenixframework/phoenix,Thu Sep 07 2017 11:36:02 GMT-0600,9510
phoenixframework/phoenix,Fri Apr 20 2018 13:27:40 GMT-0600,10890
phoenixframework/phoenix,Wed Dec 19 2018 01:39:14 GMT-0700,12240
phoenixframework/phoenix,Tue Sep 24 2019 01:31:20 GMT-0600,13620
phoenixframework/phoenix,Fri Aug 07 2020 01:25:38 GMT-0600,15000
phoenixframework/phoenix,Sat Jun 19 2021 17:47:37 GMT-0600,16350
phoenixframework/phoenix,Wed Jun 22 2022 08:33:11 GMT-0600,17730
phoenixframework/phoenix,Sat Mar 18 2023 08:24:11 GMT-0600,19080
phoenixframework/phoenix,Tue Mar 19 2024 04:56:44 GMT-0600,20460
phoenixframework/phoenix,Thu Mar 28 2024 14:29:29 GMT-0600,20504
ethereum/go-ethereum,Mon Dec 30 2013 02:12:52 GMT-0700,0
ethereum/go-ethereum,Sat Jul 22 2017 07:19:06 GMT-0600,5280
ethereum/go-ethereum,Mon Nov 20 2017 06:05:26 GMT-0700,7950
ethereum/go-ethereum,Tue Jan 16 2018 04:24:12 GMT-0700,10620
ethereum/go-ethereum,Wed Mar 07 2018 13:57:25 GMT-0700,13290
ethereum/go-ethereum,Wed May 23 2018 09:24:20 GMT-0600,15960
ethereum/go-ethereum,Tue Sep 11 2018 16:36:18 GMT-0600,18630
ethereum/go-ethereum,Fri Apr 12 2019 08:42:30 GMT-0600,21270
ethereum/go-ethereum,Mon Mar 02 2020 04:11:08 GMT-0700,23940
ethereum/go-ethereum,Sun Jan 31 2021 02:27:02 GMT-0700,26610
ethereum/go-ethereum,Sat May 29 2021 06:28:34 GMT-0600,29280
ethereum/go-ethereum,Sat Nov 13 2021 17:15:30 GMT-0700,31950
ethereum/go-ethereum,Thu Mar 10 2022 06:19:38 GMT-0700,34620
ethereum/go-ethereum,Sat Jul 23 2022 09:50:17 GMT-0600,37290
ethereum/go-ethereum,Sat Jan 21 2023 16:06:10 GMT-0700,39960
ethereum/go-ethereum,Thu Mar 28 2024 14:29:49 GMT-0600,45592
twbs/bootstrap,Fri Jul 29 2011 15:19:00 GMT-0600,21270
twbs/bootstrap,Tue Aug 30 2011 09:15:24 GMT-0600,23940
twbs/bootstrap,Sun Nov 20 2011 10:17:04 GMT-0700,26610
twbs/bootstrap,Thu Feb 09 2012 11:12:41 GMT-0700,29280
twbs/bootstrap,Thu May 03 2012 01:39:02 GMT-0600,31950
twbs/bootstrap,Tue Sep 18 2012 04:05:02 GMT-0600,34620
twbs/bootstrap,Sun Mar 10 2013 19:18:21 GMT-0600,37290
twbs/bootstrap,Tue Apr 30 2013 20:13:06 GMT-0600,39960
twbs/bootstrap,Thu Mar 28 2024 14:29:52 GMT-0600,167186
django/django,Fri Apr 27 2012 20:47:18 GMT-0600,0
django/django,Tue May 28 2013 14:18:02 GMT-0600,5280
django/django,Sun Apr 20 2014 20:58:53 GMT-0600,7950
django/django,Sat Jan 03 2015 18:37:56 GMT-0700,10620
django/django,Mon Aug 03 2015 22:23:12 GMT-0600,13290
django/django,Wed Feb 24 2016 10:20:58 GMT-0700,15960
django/django,Fri Sep 02 2016 16:44:36 GMT-0600,18630
django/django,Wed Feb 15 2017 21:19:40 GMT-0700,21270
django/django,Tue Jul 04 2017 22:50:57 GMT-0600,23940
django/django,Thu Nov 09 2017 05:17:16 GMT-0700,26610
django/django,Wed Mar 07 2018 08:10:34 GMT-0700,29280
django/django,Fri Jul 06 2018 12:36:13 GMT-0600,31950
django/django,Fri Nov 16 2018 11:29:44 GMT-0700,34620
django/django,Thu Mar 21 2019 11:28:27 GMT-0600,37290
django/django,Mon Jul 22 2019 00:40:55 GMT-0600,39960
django/django,Thu Mar 28 2024 14:29:58 GMT-0600,76335
microsoft/vscode,Fri Sep 11 2015 04:42:05 GMT-0600,0
microsoft/vscode,Fri Nov 20 2015 05:10:37 GMT-0700,5280
microsoft/vscode,Wed Dec 23 2015 02:28:46 GMT-0700,7950
microsoft/vscode,Mon Apr 04 2016 02:02:12 GMT-0600,10620
microsoft/vscode,Thu Jun 09 2016 13:56:54 GMT-0600,13290
microsoft/vscode,Sun Sep 25 2016 15:52:48 GMT-0600,15960
microsoft/vscode,Tue Dec 20 2016 13:00:04 GMT-0700,18630
microsoft/vscode,Fri Mar 03 2017 19:11:03 GMT-0700,21270
microsoft/vscode,Sun Apr 23 2017 20:49:52 GMT-0600,23940
microsoft/vscode,Thu Jun 22 2017 03:59:24 GMT-0600,26610
microsoft/vscode,Wed Aug 23 2017 08:30:35 GMT-0600,29280
microsoft/vscode,Thu Oct 12 2017 20:04:20 GMT-0600,31950
microsoft/vscode,Mon Nov 13 2017 14:05:49 GMT-0700,34620
microsoft/vscode,Mon Dec 25 2017 18:52:17 GMT-0700,37290
microsoft/vscode,Fri Feb 09 2018 15:35:20 GMT-0700,39960
microsoft/vscode,Thu Mar 28 2024 14:30:03 GMT-0600,157409
